{
  "results": {
    "jaqket_v2-0.2-0.2": {
      "exact_match": 30.326460481099655,
      "f1": 34.99700614391335
    },
    "jsquad-1.1-0.2": {
      "exact_match": 28.725799189554255,
      "f1": 39.80333448254385
    },
    "xlsum_ja": {
      "rouge2": 2.5775988917922406
    },
    "jcommonsenseqa-1.1-0.2": {
      "acc": 0.39499553172475427,
      "acc_stderr": 0.0146202392872941,
      "acc_norm": 0.2868632707774799,
      "acc_norm_stderr": 0.013527046208250626
    },
    "jnli-1.1-0.2": {
      "acc": 0.4231717337715694,
      "acc_stderr": 0.010016374130527417,
      "acc_norm": 0.3972884141331142,
      "acc_norm_stderr": 0.009920570907906705
    },
    "marc_ja-1.1-0.2": {
      "acc": 0.8187124159886806,
      "acc_stderr": 0.005124013038846332,
      "acc_norm": 0.8187124159886806,
      "acc_norm_stderr": 0.005124013038846332
    }
  },
  "versions": {
    "jaqket_v2-0.2-0.2": 0.2,
    "jcommonsenseqa-1.1-0.2": 1.1,
    "jnli-1.1-0.2": 1.1,
    "marc_ja-1.1-0.2": 1.1,
    "jsquad-1.1-0.2": 1.1,
    "xlsum_ja": 1.0
  },
  "config": {
    "model": "hf-causal",
    "model_args": "pretrained=cyberagent/open-calm-medium,use_fast=True",
    "num_fewshot": [
      1,
      2,
      3,
      3,
      3,
      1
    ],
    "batch_size": null,
    "device": "cuda",
    "no_cache": false,
    "limit": null,
    "bootstrap_iters": 100000,
    "description_dict": {}
  }
}