{
  "results": {
    "jsquad-1.1-0.3": {
      "exact_match": 25.123818099954974,
      "f1": 33.419537721237795
    },
    "jcommonsenseqa-1.1-0.3": {
      "acc": 0.5924932975871313,
      "acc_stderr": 0.0146956296030097,
      "acc_norm": 0.5317247542448614,
      "acc_norm_stderr": 0.0149235841244639
    },
    "jnli-1.1-0.3": {
      "acc": 0.4971240755957272,
      "acc_stderr": 0.010136587315663232,
      "acc_norm": 0.4819227608874281,
      "acc_norm_stderr": 0.010130127720772233
    },
    "marc_ja-1.1-0.3": {
      "acc": 0.8063318004952246,
      "acc_stderr": 0.005255893527346323,
      "acc_norm": 0.8063318004952246,
      "acc_norm_stderr": 0.005255893527346323
    }
  },
  "versions": {
    "jsquad-1.1-0.3": 1.1,
    "jcommonsenseqa-1.1-0.3": 1.1,
    "jnli-1.1-0.3": 1.1,
    "marc_ja-1.1-0.3": 1.1
  },
  "config": {
    "model": "hf-causal",
    "model_args": "pretrained=sft/checkpoints/stablelm-jp-instruct-1b_1.5.2,tokenizer=tokenizers/nai-hf-tokenizer/,use_fast=False",
    "num_fewshot": [
      2,
      3,
      3,
      3
    ],
    "batch_size": null,
    "device": "cuda",
    "no_cache": false,
    "limit": null,
    "bootstrap_iters": 100000,
    "description_dict": {}
  }
}