{
  "results": {
    "jcommonsenseqa-1.1-0.2": {
      "acc": 0.3512064343163539,
      "acc_stderr": 0.014276232008753156,
      "acc_norm": 0.2707774798927614,
      "acc_norm_stderr": 0.013289706976329895
    },
    "jnli-1.1-0.2": {
      "acc": 0.37674609695973704,
      "acc_stderr": 0.009823942907406482,
      "acc_norm": 0.3011503697617091,
      "acc_norm_stderr": 0.009300633175085522
    },
    "marc_ja-1.1-0.2": {
      "acc": 0.8546162009197029,
      "acc_stderr": 0.004688177807265067,
      "acc_norm": 0.8546162009197029,
      "acc_norm_stderr": 0.004688177807265067
    },
    "jsquad-1.1-0.2": {
      "exact_match": 26.181900045024765,
      "f1": 44.67532835280053
    },
    "jaqket_v2-0.2-0.2": {
      "exact_match": 32.178714859437754,
      "f1": 44.36543794224513
    },
    "xlsum_ja": {
      "rouge2": 5.335027032779865
    },
    "xwinograd_ja": {
      "acc": 0.6454640250260688,
      "acc_stderr": 0.015455512877686553
    },
    "mgsm": {
      "acc": 0.02,
      "acc_stderr": 0.008872139507342681
    }
  },
  "versions": {
    "jcommonsenseqa-1.1-0.2": 1.1,
    "jnli-1.1-0.2": 1.1,
    "marc_ja-1.1-0.2": 1.1,
    "jsquad-1.1-0.2": 1.1,
    "jaqket_v2-0.2-0.2": 0.2,
    "xlsum_ja": 1.0,
    "xwinograd_ja": 1.0,
    "mgsm": 1.0
  },
  "config": {
    "model": "hf-causal",
    "model_args": "pretrained=rinna/japanese-gpt-1b,use_fast=False",
    "num_fewshot": [
      3,
      3,
      3,
      2,
      1,
      1,
      0,
      5
    ],
    "batch_size": null,
    "device": "cuda",
    "no_cache": false,
    "limit": null,
    "bootstrap_iters": 100000,
    "description_dict": {}
  }
}