{
  "results": {
    "jsquad-1.1-0.3": {
      "exact_match": 58.37460603331832,
      "f1": 69.51836154287909
    },
    "jcommonsenseqa-1.1-0.3": {
      "acc": 0.5263628239499554,
      "acc_stderr": 0.014932915029029303,
      "acc_norm": 0.291331546023235,
      "acc_norm_stderr": 0.013589216112682911
    },
    "jnli-1.1-0.3": {
      "acc": 0.28225143796220215,
      "acc_stderr": 0.009125006713744669,
      "acc_norm": 0.30156121610517667,
      "acc_norm_stderr": 0.009304239098715018
    },
    "marc_ja-1.1-0.3": {
      "acc": 0.8604527767951893,
      "acc_stderr": 0.004608765667738413,
      "acc_norm": 0.8604527767951893,
      "acc_norm_stderr": 0.004608765667738413
    }
  },
  "versions": {
    "jsquad-1.1-0.3": 1.1,
    "jcommonsenseqa-1.1-0.3": 1.1,
    "jnli-1.1-0.3": 1.1,
    "marc_ja-1.1-0.3": 1.1
  },
  "config": {
    "model": "hf-causal-experimental",
    "model_args": "pretrained=meta-llama/Llama-2-7b-hf,use_accelerate=True",
    "num_fewshot": [
      2,
      3,
      3,
      3
    ],
    "batch_size": 2,
    "device": "cuda",
    "no_cache": false,
    "limit": null,
    "bootstrap_iters": 100000,
    "description_dict": {}
  }
}